<?xml version="1.0"?>
<doc>
    <assembly>
        <name>QuickCounters.net</name>
    </assembly>
    <members>
        <member name="T:QuickCounters.InstrumentedApplication">
            <summary>
            Used to deserialize the QuickCounters configuration file which describes all of the request types that
            we will be providing performance counters for.  Current users of this class include the installer
            infrastructure and the viewer.
            </summary>
        </member>
        <member name="F:QuickCounters.InstrumentedApplication.Components">
            <summary>
            List of components within the instrumented application.
            </summary>
        </member>
        <member name="M:QuickCounters.InstrumentedApplication.LoadFromFile(System.String)">
            <summary>
            Load a configuration file, and return an instance of this class.
            </summary>
            <param name="fileName">File containing InstrumentedApplication xml definition.</param>
            <returns>Populated InstrumentedApplication class.</returns>
        </member>
        <member name="M:QuickCounters.InstrumentedApplication.LoadFromReader(System.IO.TextReader)">
            <summary>
            Load configuration from a TextReader, and return an instance of this class.
            </summary>
            <param name="reader">TextReader containing the InstrumentedApplication xml definition.</param>
            <returns>Populated InstrumentedApplication class.</returns>
        </member>
        <member name="M:QuickCounters.InstrumentedApplication.GetCounterDataSet(System.String)">
            <summary>
            Returns a DataSet representing the current performance counter values for the
            instrumented application.  Counters must have been installed on the target
            machine using the QuickCounters.net installer class.
            </summary>
            <param name="machineName">Machine to retrieve a DataSet of performance counter values from.</param>
            <returns>Populated DataSet.</returns>
        </member>
        <member name="M:QuickCounters.InstrumentedApplication.UpdateCounterDataSet(System.Data.DataSet)">
            <summary>
            Updates the supplied DataSet with fresh performance counter data for the instrumented
            application.
            </summary>
            <param name="dataSet">DataSet retrieved previously from GetCounterDataSet</param>
        </member>
        <member name="T:QuickCounters.Component">
            <summary>
            Component within an InstrumentedApplication.  Typically, a component should
            NOT span multiple appdomains.
            </summary>
        </member>
        <member name="F:QuickCounters.Component.ProcessUptime">
            <summary>
            Counter display text for ProcessUptime
            </summary>
        </member>
        <member name="F:QuickCounters.Component.Name">
            <summary>
            Name of component
            </summary>
        </member>
        <member name="F:QuickCounters.Component.Description">
            <summary>
            Description of component
            </summary>
        </member>
        <member name="F:QuickCounters.Component.RequestTypes">
            <summary>
            List of RequestTypeDefinitions within this component.
            </summary>
        </member>
        <member name="T:QuickCounters.RequestTypeDefinition">
            <summary>
            RequestTypeDefinition within a Component.  There will be an instance
            for each request we want to instrument.
            </summary>
        </member>
        <member name="F:QuickCounters.RequestTypeDefinition.RequestsStarted">
            <summary> Name of Requests Started counter associated with RequestType </summary>
        </member>
        <member name="F:QuickCounters.RequestTypeDefinition.RequestsExecuting">
            <summary> Name of Requests Executing counter associated with RequestType </summary>
        </member>
        <member name="F:QuickCounters.RequestTypeDefinition.RequestsCompleted">
            <summary> Name of Requests Completed counter associated with RequestType </summary>
        </member>
        <member name="F:QuickCounters.RequestTypeDefinition.RequestsFailed">
            <summary> Name of Requests Failed counter associated with RequestType </summary>
        </member>
        <member name="F:QuickCounters.RequestTypeDefinition.RequestExecutionTime">
            <summary> Name of Request Execution Time counter associated with RequestType </summary>
        </member>
        <member name="F:QuickCounters.RequestTypeDefinition.RequestsPerSec">
            <summary> Name of Requests per Second counter associated with RequestType </summary>
        </member>
        <member name="F:QuickCounters.RequestTypeDefinition.RequestsPerMin">
            <summary> Name of Requests per Minute counter associated with RequestType </summary>
        </member>
        <member name="F:QuickCounters.RequestTypeDefinition.RequestsPerHour">
            <summary> Name of Requests per Hour counter associated with RequestType </summary>
        </member>
        <member name="F:QuickCounters.RequestTypeDefinition.Name">
            <summary>
            Name of RequestType
            </summary>
        </member>
        <member name="F:QuickCounters.RequestTypeDefinition.Description">
            <summary>
            Description of RequestType
            </summary>
        </member>
        <member name="T:QuickCounters.RequestType">
            <summary>
            Instances of this class are used to instrument the various requests within your application.
            A factory method called "Attach" is provided to obtain an instance of a RequestType.
            Typical usage might be:
            RequestType request = RequestType.Attach("QuickCountersUnitTest","Fake Work",true);
            request.BeginRequest();
            ... do some work ...
            request.SetComplete();  // (or request.SetAbort(), often in a finally block)
            </summary>
        </member>
        <member name="M:QuickCounters.RequestType.#cctor">
            <summary>
            Initialize necessary timers when the appdomain loads.  It is safe for the timer events
            to run before any instances of this type are created.
            </summary>
        </member>
        <member name="M:QuickCounters.RequestType.#ctor(System.Runtime.Serialization.SerializationInfo,System.Runtime.Serialization.StreamingContext)">
            <summary>
            Called when deserialization occurs.  Note that initialization is identical to the normal case -
            we either build up our static cache of state, or "attach" to what is already there if another instance
            of RequestType is pointed at the same performanc counter.
            </summary>
            <param name="info"></param>
            <param name="context"></param>
        </member>
        <member name="M:QuickCounters.RequestType.#ctor(System.String,System.String,System.Boolean)">
            <summary>
            We force users of this class to use the Attach method to emphasize that multiple instances
            using the same performance object name and request type are pointed at a common performance counter.
            </summary>
            <param name="componentName">Name of component</param>
            <param name="requestTypeName">Name of request type</param>
            <param name="resetCounterValuesOnAppDomainInit">True to zero out counters on app domain initialization</param>
        </member>
        <member name="M:QuickCounters.RequestType.Initialize">
            <summary>
            This method insures (via static caches) that we aren't creating multiple PerformanceCounter instances, either for 
            the same perf object name and request type, or across serialization bounadries.  
            </summary>
        </member>
        <member name="M:QuickCounters.RequestType.GetObjectData(System.Runtime.Serialization.SerializationInfo,System.Runtime.Serialization.StreamingContext)">
            <summary>
            Called for serialization.
            </summary>
            <param name="info"></param>
            <param name="context"></param>
        </member>
        <member name="M:QuickCounters.RequestType.PreSerializeHelper">
            <summary>
            For internal use only.
            </summary>
        </member>
        <member name="M:QuickCounters.RequestType.OnTimedEvent(System.Object,System.Timers.ElapsedEventArgs)">
            <summary>
            Event handler for timer used to compute per minute and per hour counters.
            </summary>
            <param name="source"></param>
            <param name="e"></param>
        </member>
        <member name="M:QuickCounters.RequestType.Attach(System.String,System.String,System.Boolean)">
            <summary>
            Factory method for creating a RequestType instance used for indicating when a
            request begins, ends successfully, or fails.  All performance counter values are
            set accordingly.
            </summary>
            <param name="componentName">The name of a performance object installed via QuickCounters.net</param>
            <param name="requestTypeName">The name of a request type within this performance object</param>
            <param name="resetCounterValuesOnAppDomainInit">A boolean indicating if counter values should be reset when appdomain initializes</param>
            <returns>RequestType class with methods for indicating Begin/SetComplete/SetAbort as well as property values for reading current state.</returns>
        </member>
        <member name="M:QuickCounters.RequestType.Attach(System.String,System.String)">
            <summary>
            Factory method for creating a RequestType instance used for indicating when a
            request begins, ends successfully, or fails.  All performance counter values are
            set accordingly.
            Counter values will be reset when appdomain initializes.
            </summary>
            <param name="componentName">The name of a performance object installed via QuickCounters.net</param>
            <param name="requestTypeName">The name of a request type within this performance object</param>
            <returns>RequestType class with methods for indicating Begin/SetComplete/SetAbort as well as property values for reading current state.</returns>
        </member>
        <member name="M:QuickCounters.RequestType.Attach(System.String,System.String,System.String)">
            <summary>
            Factory method for creating a RequestType instance used for indicating when a
            request begins, ends successfully, or fails.  All performance counter values are
            set accordingly.
            Counter values will be reset when appdomain initializes.
            </summary>
            <param name="componentName">The name of a performance object installed via QuickCounters.net</param>
            <param name="requestTypeName">The name of a request type within this performance object</param>
            <param name="orchestrationId">The Id of an orchestration whose lifecycle should be used to update requests executing value.</param>
            <returns>RequestType class with methods for indicating Begin/SetComplete/SetAbort as well as property values for reading current state.</returns>
        </member>
        <member name="M:QuickCounters.RequestType.Attach(System.String,System.String,System.Boolean,System.String)">
            <summary>
            Factory method for creating a RequestType instance used for indicating when a
            request begins, ends successfully, or fails.  All performance counter values are
            set accordingly.
            </summary>
            <param name="componentName">The name of a performance object installed via QuickCounters.net</param>
            <param name="requestTypeName">The name of a request type within this performance object</param>
            <param name="resetCounterValuesOnAppDomainInit">A boolean indicating if counter values should be reset when appdomain initializes</param>
            <param name="orchestrationId">The Id of an orchestration whose lifecycle should be used to update requests executing value.</param>
            <returns>RequestType class with methods for indicating Begin/SetComplete/SetAbort as well as property values for reading current state.</returns>
        </member>
        <member name="M:QuickCounters.RequestType.BeginRequest">
            <summary>
            Should be called when this request begins.
            </summary>
            <returns>Returns a string that should be passed to SetComplete or SetAbort.</returns>
        </member>
        <member name="M:QuickCounters.RequestType.SetComplete">
            <summary>
            Should be called when this request ends successfully.
            </summary>
        </member>
        <member name="M:QuickCounters.RequestType.SetAbort">
            <summary>
            Should be called when this request ends in failure.
            </summary>
        </member>
        <member name="M:QuickCounters.RequestType.BeginRequest(System.Int32)">
            <summary>
            Should be called when multiple logical requests begin simultaneously.
            </summary>
            <param name="numberOfIterations">Indicates how many requests are being started at once.</param>
        </member>
        <member name="M:QuickCounters.RequestType.SetComplete(System.Int32)">
            <summary>
            Should be called when multiple logical requests end successfully.
            </summary>
            <param name="numberOfIterations">Indicates how many requests are being completed successfully at once.</param>
        </member>
        <member name="M:QuickCounters.RequestType.SetAbort(System.Int32)">
            <summary>
            Should be called when multiple logical requests end in failure.
            </summary>
            <param name="numberOfIterations">Indicates how many requests have failed at once.</param>
        </member>
        <member name="P:QuickCounters.RequestType.RequestsStarted">
            <summary>
            Returns current value of Requests Total counter.
            </summary>
        </member>
        <member name="P:QuickCounters.RequestType.RequestsExecuting">
            <summary>
            Returns current value of Requests Executing counter
            </summary>
        </member>
        <member name="P:QuickCounters.RequestType.RequestsCompleted">
            <summary>
            Returns current value of Requests Total counter.
            </summary>
        </member>
        <member name="P:QuickCounters.RequestType.RequestsFailed">
            <summary>
            Returns current value of Requests Failed counter
            </summary>
        </member>
        <member name="P:QuickCounters.RequestType.RequestExecutionTime">
            <summary>
            Returns current value of Request Execution Time counter.
            </summary>
        </member>
        <member name="P:QuickCounters.RequestType.RequestsPerSecond">
            <summary>
            Returns next sample of Requests/Sec counter.
            </summary>
        </member>
        <member name="P:QuickCounters.RequestType.RequestsPerMinute">
            <summary>
            Returns current value of Requests/Min counter
            </summary>
        </member>
        <member name="P:QuickCounters.RequestType.RequestsPerHour">
            <summary>
            Returns current value of Requests/Min counter
            </summary>
        </member>
        <member name="T:QuickCounters.QuickCountersInstaller">
            <summary>
            Used to install counters defined in a InstrumentedApplication xml file.
            </summary>
        </member>
        <member name="M:QuickCounters.QuickCountersInstaller.Install(System.Collections.IDictionary)">
            <summary>
            
            </summary>
            <param name="stateSaver"></param>
        </member>
        <member name="M:QuickCounters.QuickCountersInstaller.Uninstall(System.Collections.IDictionary)">
            <summary>
            
            </summary>
            <param name="savedState"></param>
        </member>
    </members>
</doc>
